tracker,video,frames,processing_time_sec,processing_fps,detections,tracks,IDF1,HOTA,MOTA,ID_switches
McByte,video1,,,,,,,,,
McByte,video2,,,,,,,,,
McByte,video3,,,,,,,,,
McByte,video4,,,,,,,,,
OC-SORT,video1,,,,,,,,,
OC-SORT,video2,,,,,,,,,
OC-SORT,video3,,,,,,,,,
OC-SORT,video4,,,,,,,,,
BoT-SORT,video1,,,,,,,,,
BoT-SORT,video2,,,,,,,,,
BoT-SORT,video3,,,,,,,,,
BoT-SORT,video4,,,,,,,,,
ByteTrack_FastReID,video1,,,,,,,,,
ByteTrack_FastReID,video2,,,,,,,,,
ByteTrack_FastReID,video3,,,,,,,,,
ByteTrack_FastReID,video4,,,,,,,,,
