tracker,frame,active_tracks
Deep SORT,1,0
Deep SORT,2,0
Deep SORT,3,6
Deep SORT,4,6
Deep SORT,5,6
Deep SORT,6,6
Deep SORT,7,6
Deep SORT,8,6
Deep SORT,9,6
Deep SORT,10,6
Deep SORT,11,6
Deep SORT,12,6
Deep SORT,13,6
Deep SORT,14,6
Deep SORT,15,6
Deep SORT,16,6
Deep SORT,17,6
Deep SORT,18,6
Deep SORT,19,7
Deep SORT,20,7
Deep SORT,21,7
Deep SORT,22,7
Deep SORT,23,7
Deep SORT,24,7
Deep SORT,25,7
Deep SORT,26,7
Deep SORT,27,7
Deep SORT,28,7
Deep SORT,29,7
Deep SORT,30,7
Deep SORT,31,7
Deep SORT,32,7
Deep SORT,33,7
Deep SORT,34,7
Deep SORT,35,7
Deep SORT,36,7
Deep SORT,37,8
Deep SORT,38,8
Deep SORT,39,8
Deep SORT,40,8
Deep SORT,41,8
Deep SORT,42,8
Deep SORT,43,8
Deep SORT,44,8
Deep SORT,45,8
Deep SORT,46,8
Deep SORT,47,8
Deep SORT,48,8
Deep SORT,49,8
Deep SORT,50,8
Deep SORT,51,8
Deep SORT,52,8
Deep SORT,53,8
Deep SORT,54,8
Deep SORT,55,8
Deep SORT,56,8
Deep SORT,57,8
Deep SORT,58,8
Deep SORT,59,8
Deep SORT,60,8
Deep SORT,61,7
Deep SORT,62,7
Deep SORT,63,7
Deep SORT,64,7
Deep SORT,65,7
Deep SORT,66,7
Deep SORT,67,8
Deep SORT,68,8
Deep SORT,69,8
Deep SORT,70,9
Deep SORT,71,9
Deep SORT,72,9
Deep SORT,73,9
Deep SORT,74,9
Deep SORT,75,9
Deep SORT,76,9
Deep SORT,77,9
Deep SORT,78,9
Deep SORT,79,9
Deep SORT,80,9
Deep SORT,81,9
Deep SORT,82,9
Deep SORT,83,9
Deep SORT,84,9
Deep SORT,85,11
Deep SORT,86,11
Deep SORT,87,11
Deep SORT,88,11
Deep SORT,89,11
Deep SORT,90,11
Deep SORT,91,11
Deep SORT,92,11
Deep SORT,93,11
Deep SORT,94,11
Deep SORT,95,11
Deep SORT,96,11
Deep SORT,97,11
Deep SORT,98,11
Deep SORT,99,11
Deep SORT,100,11
Deep SORT,101,11
Deep SORT,102,11
Deep SORT,103,11
Deep SORT,104,11
Deep SORT,105,11
Deep SORT,106,11
Deep SORT,107,11
Deep SORT,108,11
Deep SORT,109,13
Deep SORT,110,13
Deep SORT,111,13
Deep SORT,112,13
Deep SORT,113,13
Deep SORT,114,13
Deep SORT,115,13
Deep SORT,116,13
Deep SORT,117,13
Deep SORT,118,14
Deep SORT,119,14
Deep SORT,120,14
Deep SORT,121,14
Deep SORT,122,15
Deep SORT,123,14
Deep SORT,124,14
Deep SORT,125,14
Deep SORT,126,14
Deep SORT,127,14
Deep SORT,128,14
Deep SORT,129,14
Deep SORT,130,14
Deep SORT,131,14
Deep SORT,132,14
Deep SORT,133,13
Deep SORT,134,13
Deep SORT,135,13
Deep SORT,136,13
Deep SORT,137,14
Deep SORT,138,14
Deep SORT,139,14
Deep SORT,140,13
Deep SORT,141,13
Deep SORT,142,13
Deep SORT,143,13
Deep SORT,144,13
Deep SORT,145,13
Deep SORT,146,14
Deep SORT,147,14
Deep SORT,148,14
Deep SORT,149,14
Deep SORT,150,14
Deep SORT,151,14
Deep SORT,152,14
Deep SORT,153,14
Deep SORT,154,14
Deep SORT,155,15
Deep SORT,156,15
Deep SORT,157,15
Deep SORT,158,15
Deep SORT,159,15
Deep SORT,160,15
Deep SORT,161,15
Deep SORT,162,15
Deep SORT,163,15
Deep SORT,164,15
Deep SORT,165,15
Deep SORT,166,15
Deep SORT,167,15
Deep SORT,168,15
Deep SORT,169,14
Deep SORT,170,14
Deep SORT,171,14
Deep SORT,172,14
Deep SORT,173,14
Deep SORT,174,14
Deep SORT,175,14
Deep SORT,176,15
Deep SORT,177,15
Deep SORT,178,15
Deep SORT,179,15
Deep SORT,180,15
Deep SORT,181,15
Deep SORT,182,15
Deep SORT,183,15
Deep SORT,184,15
Deep SORT,185,15
Deep SORT,186,15
Deep SORT,187,15
Deep SORT,188,15
Deep SORT,189,15
Deep SORT,190,14
Deep SORT,191,14
Deep SORT,192,15
Deep SORT,193,15
Deep SORT,194,15
Deep SORT,195,15
Deep SORT,196,14
Deep SORT,197,14
Deep SORT,198,15
Deep SORT,199,15
Deep SORT,200,15
Deep SORT,201,15
Deep SORT,202,15
Deep SORT,203,15
Deep SORT,204,15
Deep SORT,205,15
Deep SORT,206,16
Deep SORT,207,16
Deep SORT,208,16
Deep SORT,209,16
Deep SORT,210,16
Deep SORT,211,16
Deep SORT,212,16
Deep SORT,213,16
Deep SORT,214,16
Deep SORT,215,18
Deep SORT,216,18
Deep SORT,217,18
Deep SORT,218,18
Deep SORT,219,18
Deep SORT,220,18
Deep SORT,221,20
Deep SORT,222,20
Deep SORT,223,20
Deep SORT,224,20
Deep SORT,225,20
Deep SORT,226,21
Deep SORT,227,22
Deep SORT,228,22
Deep SORT,229,22
Deep SORT,230,22
Deep SORT,231,22
Deep SORT,232,22
Deep SORT,233,23
Deep SORT,234,23
Deep SORT,235,23
Deep SORT,236,23
Deep SORT,237,22
Deep SORT,238,23
Deep SORT,239,23
Deep SORT,240,23
Deep SORT,241,23
Deep SORT,242,23
Deep SORT,243,23
Deep SORT,244,23
Deep SORT,245,23
Deep SORT,246,23
Deep SORT,247,22
Deep SORT,248,22
Deep SORT,249,22
Deep SORT,250,22
Deep SORT,251,22
Deep SORT,252,22
Deep SORT,253,22
Deep SORT,254,22
Deep SORT,255,22
Deep SORT,256,22
Deep SORT,257,22
Deep SORT,258,22
Deep SORT,259,22
Deep SORT,260,21
Deep SORT,261,20
Deep SORT,262,20
Deep SORT,263,20
Deep SORT,264,20
Deep SORT,265,20
Deep SORT,266,20
Deep SORT,267,20
Deep SORT,268,20
Deep SORT,269,20
Deep SORT,270,20
Deep SORT,271,21
Deep SORT,272,21
Deep SORT,273,21
Deep SORT,274,21
Deep SORT,275,21
Deep SORT,276,20
Deep SORT,277,21
Deep SORT,278,22
Deep SORT,279,22
Deep SORT,280,22
Deep SORT,281,22
Deep SORT,282,22
Deep SORT,283,22
Deep SORT,284,22
Deep SORT,285,22
Deep SORT,286,22
Deep SORT,287,22
Deep SORT,288,22
Deep SORT,289,22
Deep SORT,290,22
Deep SORT,291,22
Deep SORT,292,22
Deep SORT,293,22
Deep SORT,294,22
Deep SORT,295,22
Deep SORT,296,22
Deep SORT,297,22
Deep SORT,298,21
Deep SORT,299,20
Deep SORT,300,20
Deep SORT,301,20
Deep SORT,302,20
Deep SORT,303,20
Deep SORT,304,19
Deep SORT,305,19
Deep SORT,306,19
Deep SORT,307,19
Deep SORT,308,19
Deep SORT,309,19
Deep SORT,310,19
Deep SORT,311,20
Deep SORT,312,20
Deep SORT,313,20
Deep SORT,314,20
Deep SORT,315,20
Deep SORT,316,19
Deep SORT,317,19
Deep SORT,318,19
Deep SORT,319,18
Deep SORT,320,18
Deep SORT,321,18
Deep SORT,322,19
Deep SORT,323,20
Deep SORT,324,20
Deep SORT,325,20
Deep SORT,326,21
Deep SORT,327,22
Deep SORT,328,22
Deep SORT,329,23
Deep SORT,330,23
Deep SORT,331,23
Deep SORT,332,23
Deep SORT,333,23
Deep SORT,334,23
Deep SORT,335,23
Deep SORT,336,23
Deep SORT,337,23
Deep SORT,338,23
Deep SORT,339,23
Deep SORT,340,23
Deep SORT,341,23
Deep SORT,342,22
Deep SORT,343,22
Deep SORT,344,22
Deep SORT,345,22
Deep SORT,346,22
Deep SORT,347,22
Deep SORT,348,22
Deep SORT,349,21
Deep SORT,350,21
Deep SORT,351,21
Deep SORT,352,21
Deep SORT,353,21
Deep SORT,354,20
Deep SORT,355,20
Deep SORT,356,20
Deep SORT,357,20
Deep SORT,358,19
Deep SORT,359,19
Deep SORT,360,19
Deep SORT,361,19
Deep SORT,362,19
Deep SORT,363,18
Deep SORT,364,19
Deep SORT,365,19
Deep SORT,366,19
Deep SORT,367,19
Deep SORT,368,19
Deep SORT,369,19
Deep SORT,370,19
Deep SORT,371,19
Deep SORT,372,20
Deep SORT,373,20
Deep SORT,374,20
Deep SORT,375,20
Deep SORT,376,20
Deep SORT,377,20
Deep SORT,378,20
Deep SORT,379,20
Deep SORT,380,20
Deep SORT,381,20
Deep SORT,382,20
Deep SORT,383,20
Deep SORT,384,20
Deep SORT,385,20
Deep SORT,386,20
Deep SORT,387,20
Deep SORT,388,20
Deep SORT,389,20
Deep SORT,390,20
Deep SORT,391,21
Deep SORT,392,21
Deep SORT,393,21
Deep SORT,394,21
Deep SORT,395,21
Deep SORT,396,21
Deep SORT,397,21
Deep SORT,398,21
Deep SORT,399,21
Deep SORT,400,20
Deep SORT,401,20
Deep SORT,402,20
Deep SORT,403,20
Deep SORT,404,20
Deep SORT,405,20
Deep SORT,406,20
Deep SORT,407,20
Deep SORT,408,20
Deep SORT,409,20
Deep SORT,410,20
Deep SORT,411,20
Deep SORT,412,19
Deep SORT,413,20
Deep SORT,414,20
Deep SORT,415,20
Deep SORT,416,19
Deep SORT,417,19
Deep SORT,418,19
Deep SORT,419,19
Deep SORT,420,19
Deep SORT,421,19
Deep SORT,422,19
Deep SORT,423,19
Deep SORT,424,19
Deep SORT,425,20
Deep SORT,426,20
Deep SORT,427,20
Deep SORT,428,20
Deep SORT,429,20
Deep SORT,430,20
Deep SORT,431,20
Deep SORT,432,20
Deep SORT,433,20
Deep SORT,434,20
Deep SORT,435,20
Deep SORT,436,20
Deep SORT,437,21
Deep SORT,438,21
Deep SORT,439,21
Deep SORT,440,21
Deep SORT,441,21
Deep SORT,442,21
Deep SORT,443,21
Deep SORT,444,21
Deep SORT,445,21
Deep SORT,446,21
Deep SORT,447,21
Deep SORT,448,21
Deep SORT,449,21
Deep SORT,450,22
Deep SORT,451,22
Deep SORT,452,22
Deep SORT,453,22
Deep SORT,454,22
Deep SORT,455,21
Deep SORT,456,21
Deep SORT,457,21
Deep SORT,458,21
Deep SORT,459,21
Deep SORT,460,21
Deep SORT,461,21
Deep SORT,462,21
Deep SORT,463,21
Deep SORT,464,20
Deep SORT,465,20
Deep SORT,466,20
Deep SORT,467,20
Deep SORT,468,20
Deep SORT,469,18
Deep SORT,470,18
Deep SORT,471,18
Deep SORT,472,18
Deep SORT,473,18
Deep SORT,474,18
Deep SORT,475,19
Deep SORT,476,19
Deep SORT,477,19
Deep SORT,478,19
Deep SORT,479,19
Deep SORT,480,19
Deep SORT,481,19
Deep SORT,482,19
Deep SORT,483,19
Deep SORT,484,19
Deep SORT,485,19
Deep SORT,486,19
Deep SORT,487,19
Deep SORT,488,19
Deep SORT,489,19
Deep SORT,490,19
Deep SORT,491,19
Deep SORT,492,19
Deep SORT,493,19
Deep SORT,494,19
Deep SORT,495,19
Deep SORT,496,19
Deep SORT,497,19
Deep SORT,498,19
Deep SORT,499,19
Deep SORT,500,19
Deep SORT,501,19
Deep SORT,502,19
Deep SORT,503,20
Deep SORT,504,20
Deep SORT,505,20
Deep SORT,506,20
Deep SORT,507,20
Deep SORT,508,20
Deep SORT,509,19
Deep SORT,510,19
Deep SORT,511,19
Deep SORT,512,19
Deep SORT,513,19
Deep SORT,514,19
Deep SORT,515,19
Deep SORT,516,19
Deep SORT,517,18
Deep SORT,518,18
Deep SORT,519,18
Deep SORT,520,18
Deep SORT,521,18
Deep SORT,522,18
Deep SORT,523,18
Deep SORT,524,18
Deep SORT,525,18
Deep SORT,526,18
Deep SORT,527,18
Deep SORT,528,18
Deep SORT,529,18
Deep SORT,530,18
Deep SORT,531,18
Deep SORT,532,18
Deep SORT,533,18
Deep SORT,534,18
Deep SORT,535,18
Deep SORT,536,18
Deep SORT,537,18
Deep SORT,538,18
Deep SORT,539,18
Deep SORT,540,18
Deep SORT,541,18
Deep SORT,542,18
Deep SORT,543,17
Deep SORT,544,17
Deep SORT,545,17
Deep SORT,546,17
Deep SORT,547,17
Deep SORT,548,17
Deep SORT,549,17
Deep SORT,550,17
Deep SORT,551,17
Deep SORT,552,17
Deep SORT,553,17
Deep SORT,554,17
Deep SORT,555,18
Deep SORT,556,18
Deep SORT,557,18
Deep SORT,558,18
Deep SORT,559,18
Deep SORT,560,18
Deep SORT,561,18
Deep SORT,562,18
Deep SORT,563,18
Deep SORT,564,18
Deep SORT,565,18
Deep SORT,566,18
Deep SORT,567,18
Deep SORT,568,18
Deep SORT,569,18
Deep SORT,570,18
Deep SORT,571,18
Deep SORT,572,18
Deep SORT,573,18
Deep SORT,574,18
Deep SORT,575,18
Deep SORT,576,17
Deep SORT,577,17
Deep SORT,578,17
Deep SORT,579,17
Deep SORT,580,17
Deep SORT,581,17
Deep SORT,582,18
Deep SORT,583,18
Deep SORT,584,18
Deep SORT,585,18
Deep SORT,586,18
Deep SORT,587,18
Deep SORT,588,18
Deep SORT,589,18
Deep SORT,590,18
Deep SORT,591,18
Deep SORT,592,18
Deep SORT,593,18
Deep SORT,594,18
Deep SORT,595,18
Deep SORT,596,18
Deep SORT,597,18
Deep SORT,598,18
Deep SORT,599,18
Deep SORT,600,18
Deep SORT,601,18
Deep SORT,602,18
Deep SORT,603,18
Deep SORT,604,18
Deep SORT,605,18
Deep SORT,606,18
Deep SORT,607,18
Deep SORT,608,18
Deep SORT,609,18
Deep SORT,610,18
Deep SORT,611,17
Deep SORT,612,17
Deep SORT,613,17
Deep SORT,614,17
Deep SORT,615,17
Deep SORT,616,17
Deep SORT,617,17
Deep SORT,618,17
Deep SORT,619,17
Deep SORT,620,17
Deep SORT,621,17
Deep SORT,622,17
Deep SORT,623,17
Deep SORT,624,17
Deep SORT,625,17
Deep SORT,626,17
Deep SORT,627,17
Deep SORT,628,17
Deep SORT,629,17
Deep SORT,630,17
Deep SORT,631,17
Deep SORT,632,17
Deep SORT,633,17
Deep SORT,634,17
Deep SORT,635,17
Deep SORT,636,17
Deep SORT,637,17
Deep SORT,638,18
Deep SORT,639,18
Deep SORT,640,18
Deep SORT,641,18
Deep SORT,642,18
Deep SORT,643,17
Deep SORT,644,17
Deep SORT,645,17
Deep SORT,646,17
Deep SORT,647,17
Deep SORT,648,17
Deep SORT,649,17
Deep SORT,650,17
Deep SORT,651,17
Deep SORT,652,17
Deep SORT,653,17
Deep SORT,654,17
Deep SORT,655,17
Deep SORT,656,17
Deep SORT,657,17
Deep SORT,658,17
Deep SORT,659,17
Deep SORT,660,17
Deep SORT,661,17
Deep SORT,662,17
Deep SORT,663,17
Deep SORT,664,17
Deep SORT,665,17
Deep SORT,666,17
Deep SORT,667,17
Deep SORT,668,17
Deep SORT,669,17
Deep SORT,670,17
Deep SORT,671,17
Deep SORT,672,17
Deep SORT,673,17
Deep SORT,674,17
Deep SORT,675,18
Deep SORT,676,18
Deep SORT,677,18
Deep SORT,678,18
Deep SORT,679,18
Deep SORT,680,18
Deep SORT,681,18
Deep SORT,682,18
Deep SORT,683,18
Deep SORT,684,18
Deep SORT,685,18
Deep SORT,686,19
Deep SORT,687,19
Deep SORT,688,19
Deep SORT,689,19
Deep SORT,690,19
Deep SORT,691,19
Deep SORT,692,20
Deep SORT,693,20
Deep SORT,694,20
Deep SORT,695,20
Deep SORT,696,20
Deep SORT,697,20
Deep SORT,698,20
Deep SORT,699,20
Deep SORT,700,20
Deep SORT,701,20
Deep SORT,702,20
Deep SORT,703,20
Deep SORT,704,20
Deep SORT,705,20
Deep SORT,706,20
Deep SORT,707,20
Deep SORT,708,20
Deep SORT,709,20
Deep SORT,710,20
Deep SORT,711,19
Deep SORT,712,19
Deep SORT,713,19
Deep SORT,714,19
Deep SORT,715,19
Deep SORT,716,18
Deep SORT,717,18
Deep SORT,718,18
Deep SORT,719,17
Deep SORT,720,17
Deep SORT,721,17
Deep SORT,722,17
Deep SORT,723,18
Deep SORT,724,18
Deep SORT,725,17
Deep SORT,726,17
Deep SORT,727,17
Deep SORT,728,17
Deep SORT,729,17
Deep SORT,730,17
Deep SORT,731,17
Deep SORT,732,16
Deep SORT,733,16
Deep SORT,734,16
Deep SORT,735,16
Deep SORT,736,16
Deep SORT,737,16
Deep SORT,738,16
Deep SORT,739,16
Deep SORT,740,16
Deep SORT,741,16
Deep SORT,742,16
Deep SORT,743,16
Deep SORT,744,15
Deep SORT,745,15
Deep SORT,746,15
Deep SORT,747,15
Deep SORT,748,15
Deep SORT,749,15
Deep SORT,750,15
Deep SORT,751,15
Deep SORT,752,15
Deep SORT,753,15
Deep SORT,754,15
Deep SORT,755,15
Deep SORT,756,15
Deep SORT,757,15
Deep SORT,758,14
Deep SORT,759,14
Deep SORT,760,14
Deep SORT,761,14
Deep SORT,762,14
Deep SORT,763,14
Deep SORT,764,14
Deep SORT,765,14
Deep SORT,766,14
Deep SORT,767,14
Deep SORT,768,14
Deep SORT,769,14
Deep SORT,770,14
Deep SORT,771,14
Deep SORT,772,14
Deep SORT,773,14
Deep SORT,774,14
Deep SORT,775,14
Deep SORT,776,14
Deep SORT,777,14
Deep SORT,778,14
Deep SORT,779,14
Deep SORT,780,14
Deep SORT,781,14
Deep SORT,782,14
Deep SORT,783,15
Deep SORT,784,15
Deep SORT,785,15
Deep SORT,786,15
Deep SORT,787,14
Deep SORT,788,15
Deep SORT,789,15
Deep SORT,790,15
Deep SORT,791,15
Deep SORT,792,15
Deep SORT,793,15
Deep SORT,794,15
Deep SORT,795,16
Deep SORT,796,16
Deep SORT,797,16
Deep SORT,798,16
Deep SORT,799,16
Deep SORT,800,16
Deep SORT,801,16
Deep SORT,802,16
Deep SORT,803,16
Deep SORT,804,16
Deep SORT,805,16
Deep SORT,806,16
Deep SORT,807,16
Deep SORT,808,16
Deep SORT,809,16
Deep SORT,810,16
Deep SORT,811,16
Deep SORT,812,16
Deep SORT,813,16
Deep SORT,814,16
Deep SORT,815,16
Deep SORT,816,16
Deep SORT,817,16
Deep SORT,818,16
Deep SORT,819,16
Deep SORT,820,16
Deep SORT,821,16
Deep SORT,822,16
Deep SORT,823,15
Deep SORT,824,15
Deep SORT,825,15
Deep SORT,826,14
Deep SORT,827,14
Deep SORT,828,14
Deep SORT,829,14
Deep SORT,830,14
Deep SORT,831,14
Deep SORT,832,14
Deep SORT,833,14
Deep SORT,834,14
Deep SORT,835,14
Deep SORT,836,14
Deep SORT,837,13
Deep SORT,838,13
Deep SORT,839,13
Deep SORT,840,13
Deep SORT,841,13
Deep SORT,842,13
Deep SORT,843,11
Deep SORT,844,11
Deep SORT,845,12
Deep SORT,846,12
Deep SORT,847,12
Deep SORT,848,11
Deep SORT,849,11
Deep SORT,850,11
Deep SORT,851,11
Deep SORT,852,11
Deep SORT,853,11
Deep SORT,854,11
Deep SORT,855,11
Deep SORT,856,11
Deep SORT,857,11
Deep SORT,858,11
Deep SORT,859,10
Deep SORT,860,10
Deep SORT,861,10
Deep SORT,862,10
Deep SORT,863,10
Deep SORT,864,10
Deep SORT,865,10
Deep SORT,866,10
Deep SORT,867,10
Deep SORT,868,10
Deep SORT,869,10
Deep SORT,870,10
Deep SORT,871,10
Deep SORT,872,10
Deep SORT,873,10
Deep SORT,874,10
Deep SORT,875,10
Deep SORT,876,10
Deep SORT,877,10
Deep SORT,878,9
Deep SORT,879,9
Deep SORT,880,9
Deep SORT,881,8
Deep SORT,882,8
Deep SORT,883,8
Deep SORT,884,8
Deep SORT,885,8
Deep SORT,886,8
Deep SORT,887,8
Deep SORT,888,8
Deep SORT,889,8
Deep SORT,890,8
Deep SORT,891,8
Deep SORT,892,8
Deep SORT,893,8
Deep SORT,894,8
Deep SORT,895,8
Deep SORT,896,8
Deep SORT,897,8
Deep SORT,898,8
Deep SORT,899,8
Deep SORT,900,8
Deep SORT,901,8
Deep SORT,902,8
Deep SORT,903,8
Deep SORT,904,8
Deep SORT,905,8
Deep SORT,906,8
Deep SORT,907,8
Deep SORT,908,8
Deep SORT,909,8
Deep SORT,910,8
Deep SORT,911,7
Deep SORT,912,7
Deep SORT,913,7
Deep SORT,914,7
Deep SORT,915,7
Deep SORT,916,7
Deep SORT,917,7
Deep SORT,918,7
Deep SORT,919,7
Deep SORT,920,7
Deep SORT,921,7
Deep SORT,922,7
Deep SORT,923,7
Deep SORT,924,7
Deep SORT,925,7
Deep SORT,926,7
Deep SORT,927,7
Deep SORT,928,7
Deep SORT,929,7
Deep SORT,930,7
Deep SORT,931,7
Deep SORT,932,7
Deep SORT,933,7
Deep SORT,934,7
Deep SORT,935,7
Deep SORT,936,7
Deep SORT,937,7
Deep SORT,938,7
Deep SORT,939,7
Deep SORT,940,7
Deep SORT,941,7
Deep SORT,942,7
Deep SORT,943,7
Deep SORT,944,7
Deep SORT,945,7
Deep SORT,946,7
Deep SORT,947,7
Deep SORT,948,7
Deep SORT,949,6
Deep SORT,950,6
Deep SORT,951,6
Deep SORT,952,6
Deep SORT,953,6
Deep SORT,954,6
Deep SORT,955,6
Deep SORT,956,6
Deep SORT,957,6
Deep SORT,958,6
Deep SORT,959,6
Deep SORT,960,6
Deep SORT,961,6
Deep SORT,962,6
Deep SORT,963,6
Deep SORT,964,7
Deep SORT,965,7
Deep SORT,966,7
Deep SORT,967,7
Deep SORT,968,7
Deep SORT,969,8
Deep SORT,970,8
Deep SORT,971,8
Deep SORT,972,8
Deep SORT,973,8
Deep SORT,974,8
Deep SORT,975,8
Deep SORT,976,8
Deep SORT,977,8
Deep SORT,978,8
Deep SORT,979,8
Deep SORT,980,8
Deep SORT,981,8
Deep SORT,982,8
Deep SORT,983,8
Deep SORT,984,8
Deep SORT,985,8
Deep SORT,986,8
Deep SORT,987,8
Deep SORT,988,8
Deep SORT,989,9
Deep SORT,990,9
Deep SORT,991,9
Deep SORT,992,9
Deep SORT,993,9
Deep SORT,994,9
Deep SORT,995,9
Deep SORT,996,9
Deep SORT,997,9
Deep SORT,998,9
