tracker,track_id,first_frame,last_frame,track_length,expected_span,missing_frames,continuity_percent
OC-SORT,1,1,998,964,998,34,96.593
OC-SORT,2,1,998,804,998,194,80.561
OC-SORT,3,1,998,998,998,0,100.0
OC-SORT,4,1,221,204,221,17,92.308
OC-SORT,5,1,611,607,611,4,99.345
OC-SORT,6,23,679,647,657,10,98.478
OC-SORT,7,39,697,649,659,10,98.483
OC-SORT,8,73,712,640,640,0,100.0
OC-SORT,9,115,131,13,17,4,76.471
OC-SORT,10,129,757,508,629,121,80.763
OC-SORT,11,149,801,566,653,87,86.677
OC-SORT,12,198,998,727,801,74,90.762
OC-SORT,13,264,879,616,616,0,100.0
OC-SORT,14,246,673,361,428,67,84.346
OC-SORT,16,279,998,711,720,9,98.75
OC-SORT,17,324,753,391,430,39,90.93
OC-SORT,18,337,477,86,141,55,60.993
OC-SORT,19,353,519,86,167,81,51.497
OC-SORT,20,423,847,410,425,15,96.471
OC-SORT,21,515,917,312,403,91,77.419
OC-SORT,22,589,629,27,41,14,65.854
OC-SORT,23,702,998,255,297,42,85.859
OC-SORT,24,715,817,67,103,36,65.049
